S_005,E_00000001,20240701000800,11,36.400001525878906,,NONE,2611-05-28T10:56:40.000+02:00,20240701000,Z_03,TRAFFIC,20220510,48.8698,2.308,ACTIVE,Tour Eiffel,COMMERCIAL,8000,4.1,7ème Arrondissement,10,TUESDAY,MAY,0,Morning,1,,,,,,,1,Moderate,11.0,36.400001525878906,,1.0
S_005,E_00000002,20240701015200,9,37.5,,NONE,2611-05-28T10:56:55.000+02:00,20240701015,Z_03,TRAFFIC,20220510,48.8698,2.308,ACTIVE,Tour Eiffel,COMMERCIAL,8000,4.1,7ème Arrondissement,10,TUESDAY,MAY,0,Morning,1,,,,,,,1,Moderate,10.0,36.95000076293945,,1.0
S_005,E_00000003,20240701023800,13,36.29999923706055,,NONE,2611-05-28T10:57:03.000+02:00,20240701023,Z_03,TRAFFIC,20220510,48.8698,2.308,ACTIVE,Tour Eiffel,COMMERCIAL,8000,4.1,7ème Arrondissement,10,TUESDAY,MAY,0,Morning,1,,,,,,,1,Moderate,11.0,36.733333587646484,,1.0
S_005,E_00000005,20240701042900,26,22.299999237060547,,NONE,2611-05-28T10:57:22.000+02:00,20240701042,Z_03,TRAFFIC,20220510,48.8698,2.308,ACTIVE,Tour Eiffel,COMMERCIAL,8000,4.1,7ème Arrondissement,10,TUESDAY,MAY,0,Morning,1,,,,,,,1,High,14.75,33.125,,1.0
S_005,E_00000006,20240701055700,10,39.400001525878906,,NONE,2611-05-28T10:57:35.000+02:00,20240701055,Z_03,TRAFFIC,20220510,48.8698,2.308,ACTIVE,Tour Eiffel,COMMERCIAL,8000,4.1,7ème Arrondissement,10,TUESDAY,MAY,0,Morning,1,,,,,,,1,Moderate,13.8,34.380000305175784,,1.0
S_005,E_00000007,20240701063500,10,36.599998474121094,,NONE,2611-05-28T10:57:43.000+02:00,20240701063,Z_03,TRAFFIC,20220510,48.8698,2.308,ACTIVE,Tour Eiffel,COMMERCIAL,8000,4.1,7ème Arrondissement,10,TUESDAY,MAY,0,Morning,1,,,,,,,1,Moderate,13.166666666666666,34.75,,1.0
S_005,E_00000008,20240701074900,14,34.20000076293945,,NONE,2611-05-28T10:57:54.000+02:00,20240701074,Z_03,TRAFFIC,20220510,48.8698,2.308,ACTIVE,Tour Eiffel,COMMERCIAL,8000,4.1,7ème Arrondissement,10,TUESDAY,MAY,0,Morning,1,,,,,,,1,Moderate,13.285714285714286,34.67142868041992,,1.0
S_005,E_00000009,20240701081300,12,36.900001525878906,,NONE,2611-05-28T10:58:01.000+02:00,20240701081,Z_03,TRAFFIC,20220510,48.8698,2.308,ACTIVE,Tour Eiffel,COMMERCIAL,8000,4.1,7ème Arrondissement,10,TUESDAY,MAY,0,Morning,1,,,,,,,1,Moderate,13.125,34.950000286102295,,1.0
S_005,E_00000010,20240701094700,15,27.600000381469727,,NONE,2611-05-28T10:58:14.000+02:00,20240701094,Z_03,TRAFFIC,20220510,48.8698,2.308,ACTIVE,Tour Eiffel,COMMERCIAL,8000,4.1,7ème Arrondissement,10,TUESDAY,MAY,0,Morning,1,,,,,,,1,High,13.333333333333334,34.13333363003201,,1.0
S_005,E_00000011,20240701105300,19,27.0,,NONE,2611-05-28T10:58:25.000+02:00,20240701105,Z_03,TRAFFIC,20220510,48.8698,2.308,ACTIVE,Tour Eiffel,COMMERCIAL,8000,4.1,7ème Arrondissement,10,TUESDAY,MAY,0,Morning,1,,,,,,,1,High,13.9,33.42000026702881,,1.0
S_005,E_00000013,20240701120700,30,32.70000076293945,,NONE,2611-05-28T10:58:40.000+02:00,20240701120,Z_03,TRAFFIC,20220510,48.8698,2.308,ACTIVE,Tour Eiffel,COMMERCIAL,8000,4.1,7ème Arrondissement,10,TUESDAY,MAY,0,Morning,1,,,,,,,1,Moderate,15.363636363636363,33.35454576665705,,1.0
S_005,E_00000014,20240701131800,23,26.0,,NONE,2611-05-28T10:58:51.000+02:00,20240701131,Z_03,TRAFFIC,20220510,48.8698,2.308,ACTIVE,Tour Eiffel,COMMERCIAL,8000,4.1,7ème Arrondissement,10,TUESDAY,MAY,0,Morning,1,,,,,,,1,High,16.0,32.74166695276896,,1.0
S_005,E_00000015,20240701142500,42,18.0,,NONE,2611-05-28T10:59:02.000+02:00,20240701142,Z_03,TRAFFIC,20220510,48.8698,2.308,ACTIVE,Tour Eiffel,COMMERCIAL,8000,4.1,7ème Arrondissement,10,TUESDAY,MAY,0,Morning,1,,,,,,,1,High,18.0,31.607692571786735,,1.0
S_005,E_00000016,20240701154800,32,14.600000381469727,,ROADWORK,2611-05-28T10:59:14.000+02:00,20240701154,Z_03,TRAFFIC,20220510,48.8698,2.308,ACTIVE,Tour Eiffel,COMMERCIAL,8000,4.1,7ème Arrondissement,10,TUESDAY,MAY,0,Morning,1,,,,,,,1,Severe,19.0,30.39285741533552,,1.0
S_005,E_00000017,20240701160500,39,21.100000381469727,,NONE,2611-05-28T10:59:20.000+02:00,20240701160,Z_03,TRAFFIC,20220510,48.8698,2.308,ACTIVE,Tour Eiffel,COMMERCIAL,8000,4.1,7ème Arrondissement,10,TUESDAY,MAY,0,Morning,1,,,,,,,1,High,20.333333333333332,29.7733336130778,,1.0
S_005,E_00000018,20240701174600,34,31.299999237060547,,NONE,2611-05-28T10:59:34.000+02:00,20240701174,Z_03,TRAFFIC,20220510,48.8698,2.308,ACTIVE,Tour Eiffel,COMMERCIAL,8000,4.1,7ème Arrondissement,10,TUESDAY,MAY,0,Morning,1,,,,,,,1,Moderate,21.1875,29.86875021457672,,1.0
S_005,E_00000019,20240701182400,37,13.699999809265137,,NONE,2611-05-28T10:59:42.000+02:00,20240701182,Z_03,TRAFFIC,20220510,48.8698,2.308,ACTIVE,Tour Eiffel,COMMERCIAL,8000,4.1,7ème Arrondissement,10,TUESDAY,MAY,0,Morning,1,,,,,,,1,Severe,22.11764705882353,28.917647249558392,,1.0
S_005,E_00000020,20240701190800,33,25.0,,NONE,2611-05-28T10:59:50.000+02:00,20240701190,Z_03,TRAFFIC,20220510,48.8698,2.308,ACTIVE,Tour Eiffel,COMMERCIAL,8000,4.1,7ème Arrondissement,10,TUESDAY,MAY,0,Morning,1,,,,,,,1,High,22.72222222222222,28.70000018013848,,1.0
S_005,E_00000021,20240701205600,46,17.100000381469727,,NONE,2611-05-28T11:00:05.000+02:00,20240701205,Z_03,TRAFFIC,20220510,48.8698,2.308,ACTIVE,Tour Eiffel,COMMERCIAL,8000,4.1,7ème Arrondissement,11,TUESDAY,MAY,0,Morning,1,,,,,,,1,High,23.94736842105263,28.08947387494539,,1.0
S_005,E_00000022,20240701213300,23,23.700000762939453,,NONE,2611-05-28T11:00:13.000+02:00,20240701213,Z_03,TRAFFIC,20220510,48.8698,2.308,ACTIVE,Tour Eiffel,COMMERCIAL,8000,4.1,7ème Arrondissement,11,TUESDAY,MAY,0,Morning,1,,,,,,,1,High,23.9,27.870000219345094,,1.0
S_005,E_00000023,20240701225300,5,41.599998474121094,,NONE,2611-05-28T11:00:25.000+02:00,20240701225,Z_03,TRAFFIC,20220510,48.8698,2.308,ACTIVE,Tour Eiffel,COMMERCIAL,8000,4.1,7ème Arrondissement,11,TUESDAY,MAY,0,Morning,1,,,,,,,1,Moderate,23.0,28.523809660048713,,1.0
S_005,E_00000024,20240701233100,16,28.0,,NONE,2611-05-28T11:00:33.000+02:00,20240701233,Z_03,TRAFFIC,20220510,48.8698,2.308,ACTIVE,Tour Eiffel,COMMERCIAL,8000,4.1,7ème Arrondissement,11,TUESDAY,MAY,0,Morning,1,,,,,,,1,High,23.238095238095237,28.12380958738781,,1.0
S_005,E_00000025,20240702000400,10,38.5,,NONE,2611-05-28T11:13:20.000+02:00,20240702000,Z_03,TRAFFIC,20220510,48.8698,2.308,ACTIVE,Tour Eiffel,COMMERCIAL,8000,4.1,7ème Arrondissement,11,TUESDAY,MAY,0,Morning,1,,,,,,,1,Moderate,23.285714285714285,28.17142863500686,,1.0
S_005,E_00000026,20240702012300,17,24.5,,NONE,2611-05-28T11:13:32.000+02:00,20240702012,Z_03,TRAFFIC,20220510,48.8698,2.308,ACTIVE,Tour Eiffel,COMMERCIAL,8000,4.1,7ème Arrondissement,11,TUESDAY,MAY,0,Morning,1,,,,,,,1,High,23.476190476190474,27.609523909432546,,1.0
S_005,E_00000027,20240702020900,13,39.20000076293945,,NONE,2611-05-28T11:13:40.000+02:00,20240702020,Z_03,TRAFFIC,20220510,48.8698,2.308,ACTIVE,Tour Eiffel,COMMERCIAL,8000,4.1,7ème Arrondissement,11,TUESDAY,MAY,0,Morning,1,,,,,,,1,Moderate,22.857142857142858,28.414285886855353,,1.0
S_005,E_00000028,20240702035800,11,35.0,,NONE,2611-05-28T11:13:55.000+02:00,20240702035,Z_03,TRAFFIC,20220510,48.8698,2.308,ACTIVE,Tour Eiffel,COMMERCIAL,8000,4.1,7ème Arrondissement,11,TUESDAY,MAY,0,Morning,1,,,,,,,1,Moderate,22.904761904761905,28.20476200467064,,1.0
S_005,E_00000029,20240702040200,21,32.099998474121094,,NONE,2611-05-28T11:14:00.000+02:00,20240702040,Z_03,TRAFFIC,20220510,48.8698,2.308,ACTIVE,Tour Eiffel,COMMERCIAL,8000,4.1,7ème Arrondissement,11,TUESDAY,MAY,0,Morning,1,,,,,,,1,Moderate,23.428571428571427,27.99047629038493,,1.0
S_005,E_00000030,20240702053700,21,27.299999237060547,,NONE,2611-05-28T11:14:13.000+02:00,20240702053,Z_03,TRAFFIC,20220510,48.8698,2.308,ACTIVE,Tour Eiffel,COMMERCIAL,8000,4.1,7ème Arrondissement,11,TUESDAY,MAY,0,Morning,1,,,,,,,1,High,23.761904761904763,27.6619047891526,,1.0
S_005,E_00000031,20240702064800,25,28.200000762939453,,NONE,2611-05-28T11:14:24.000+02:00,20240702064,Z_03,TRAFFIC,20220510,48.8698,2.308,ACTIVE,Tour Eiffel,COMMERCIAL,8000,4.1,7ème Arrondissement,11,TUESDAY,MAY,0,Morning,1,,,,,,,1,High,24.38095238095238,27.247619038536435,,1.0
S_005,E_00000032,20240702073100,19,4.800000190734863,,ACCIDENT,2611-05-28T11:14:33.000+02:00,20240702073,Z_03,TRAFFIC,20220510,48.8698,2.308,ACTIVE,Tour Eiffel,COMMERCIAL,8000,4.1,7ème Arrondissement,11,TUESDAY,MAY,0,Morning,1,,,,,,,1,Severe,24.571428571428573,26.161904743739537,,1.0
S_005,E_00000033,20240702081300,13,34.20000076293945,,NONE,2611-05-28T11:14:41.000+02:00,20240702081,Z_03,TRAFFIC,20220510,48.8698,2.308,ACTIVE,Tour Eiffel,COMMERCIAL,8000,4.1,7ème Arrondissement,11,TUESDAY,MAY,0,Morning,1,,,,,,,1,Moderate,24.285714285714285,26.50476192292713,,1.0
S_005,E_00000034,20240702091200,6,34.70000076293945,,NONE,2611-05-28T11:14:51.000+02:00,20240702091,Z_03,TRAFFIC,20220510,48.8698,2.308,ACTIVE,Tour Eiffel,COMMERCIAL,8000,4.1,7ème Arrondissement,11,TUESDAY,MAY,0,Morning,1,,,,,,,1,Moderate,23.142857142857142,26.600000018165225,,1.0
S_005,E_00000035,20240702101400,17,26.399999618530273,,NONE,2611-05-28T11:15:01.000+02:00,20240702101,Z_03,TRAFFIC,20220510,48.8698,2.308,ACTIVE,Tour Eiffel,COMMERCIAL,8000,4.1,7ème Arrondissement,11,TUESDAY,MAY,0,Morning,1,,,,,,,1,High,22.857142857142858,26.61904761904762,,1.0
S_005,E_00000036,20240702110600,14,35.20000076293945,,NONE,2611-05-28T11:15:10.000+02:00,20240702110,Z_03,TRAFFIC,20220510,48.8698,2.308,ACTIVE,Tour Eiffel,COMMERCIAL,8000,4.1,7ème Arrondissement,11,TUESDAY,MAY,0,Morning,1,,,,,,,1,Moderate,21.523809523809526,27.438095274425688,,1.0
S_005,E_00000037,20240702123700,54,9.5,,NONE,2611-05-28T11:15:23.000+02:00,20240702123,Z_03,TRAFFIC,20220510,48.8698,2.308,ACTIVE,Tour Eiffel,COMMERCIAL,8000,4.1,7ème Arrondissement,11,TUESDAY,MAY,0,Morning,1,,,,,,,1,Severe,22.571428571428573,27.19523811340332,,1.0
S_005,E_00000038,20240702130400,48,20.899999618530273,,NONE,2611-05-28T11:15:30.000+02:00,20240702130,Z_03,TRAFFIC,20220510,48.8698,2.308,ACTIVE,Tour Eiffel,COMMERCIAL,8000,4.1,7ème Arrondissement,11,TUESDAY,MAY,0,Morning,1,,,,,,,1,High,23.0,27.18571426754906,,1.0
S_005,E_00000039,20240702145300,40,8.300000190734863,,ROADWORK,2611-05-28T11:15:45.000+02:00,20240702145,Z_03,TRAFFIC,20220510,48.8698,2.308,ACTIVE,Tour Eiffel,COMMERCIAL,8000,4.1,7ème Arrondissement,11,TUESDAY,MAY,0,Morning,1,,,,,,,1,Severe,23.285714285714285,26.090476217724028,,1.0
S_005,E_00000040,20240702151400,26,30.700000762939453,,NONE,2611-05-28T11:15:51.000+02:00,20240702151,Z_03,TRAFFIC,20220510,48.8698,2.308,ACTIVE,Tour Eiffel,COMMERCIAL,8000,4.1,7ème Arrondissement,11,TUESDAY,MAY,0,Morning,1,,,,,,,1,Moderate,22.761904761904763,26.9000000726609,,1.0
S_005,E_00000041,20240702161600,34,3.700000047683716,,ACCIDENT,2611-05-28T11:16:01.000+02:00,20240702161,Z_03,TRAFFIC,20220510,48.8698,2.308,ACTIVE,Tour Eiffel,COMMERCIAL,8000,4.1,7ème Arrondissement,11,TUESDAY,MAY,0,Morning,1,,,,,,,1,Severe,22.80952380952381,25.88571436064584,,1.0
S_005,E_00000042,20240702170600,43,20.899999618530273,,NONE,2611-05-28T11:16:10.000+02:00,20240702170,Z_03,TRAFFIC,20220510,48.8698,2.308,ACTIVE,Tour Eiffel,COMMERCIAL,8000,4.1,7ème Arrondissement,11,TUESDAY,MAY,0,Morning,1,,,,,,,1,High,22.666666666666668,26.06666670526777,,1.0
S_005,E_00000043,20240702180600,31,26.299999237060547,,NONE,2611-05-28T11:16:20.000+02:00,20240702180,Z_03,TRAFFIC,20220510,48.8698,2.308,ACTIVE,Tour Eiffel,COMMERCIAL,8000,4.1,7ème Arrondissement,11,TUESDAY,MAY,0,Morning,1,,,,,,,1,High,23.047619047619047,26.190476156416395,,1.0
S_005,E_00000044,20240702195600,51,14.199999809265137,,NONE,2611-05-28T11:16:35.000+02:00,20240702195,Z_03,TRAFFIC,20220510,48.8698,2.308,ACTIVE,Tour Eiffel,COMMERCIAL,8000,4.1,7ème Arrondissement,11,TUESDAY,MAY,0,Morning,1,,,,,,,1,Severe,25.238095238095237,24.885714315232775,,1.0
S_005,E_00000045,20240702204700,46,14.899999618530273,,NONE,2611-05-28T11:16:44.000+02:00,20240702204,Z_03,TRAFFIC,20220510,48.8698,2.308,ACTIVE,Tour Eiffel,COMMERCIAL,8000,4.1,7ème Arrondissement,11,TUESDAY,MAY,0,Morning,1,,,,,,,1,Severe,26.666666666666668,24.261904773258028,,1.0
S_005,E_00000046,20240702213400,6,33.5,,NONE,2611-05-28T11:16:53.000+02:00,20240702213,Z_03,TRAFFIC,20220510,48.8698,2.308,ACTIVE,Tour Eiffel,COMMERCIAL,8000,4.1,7ème Arrondissement,11,TUESDAY,MAY,0,Morning,1,,,,,,,1,Moderate,26.476190476190474,24.02380953516279,,1.0
S_005,E_00000047,20240702222100,5,6.300000190734863,,ACCIDENT,2611-05-28T11:17:02.000+02:00,20240702222,Z_03,TRAFFIC,20220510,48.8698,2.308,ACTIVE,Tour Eiffel,COMMERCIAL,8000,4.1,7ème Arrondissement,11,TUESDAY,MAY,0,Morning,1,,,,,,,1,Severe,25.904761904761905,23.157142877578735,,1.0
S_005,E_00000048,20240702230300,12,32.599998474121094,,NONE,2611-05-28T11:17:10.000+02:00,20240702230,Z_03,TRAFFIC,20220510,48.8698,2.308,ACTIVE,Tour Eiffel,COMMERCIAL,8000,4.1,7ème Arrondissement,11,TUESDAY,MAY,0,Morning,1,,,,,,,1,Moderate,25.857142857142858,22.84285705430167,,1.0
S_005,E_00000049,20240703003600,18,19.399999618530273,,NONE,2611-05-28T11:30:03.000+02:00,20240703003,Z_03,TRAFFIC,20220510,48.8698,2.308,ACTIVE,Tour Eiffel,COMMERCIAL,8000,4.1,7ème Arrondissement,11,TUESDAY,MAY,0,Morning,1,,,,,,,1,High,26.19047619047619,22.099999893279303,,1.0
S_005,E_00000050,20240703012400,21,31.700000762939453,,NONE,2611-05-28T11:30:12.000+02:00,20240703012,Z_03,TRAFFIC,20220510,48.8698,2.308,ACTIVE,Tour Eiffel,COMMERCIAL,8000,4.1,7ème Arrondissement,11,TUESDAY,MAY,0,Morning,1,,,,,,,1,Moderate,26.19047619047619,22.080952383223035,,1.0
S_005,E_00000051,20240703025700,12,35.900001525878906,,NONE,2611-05-28T11:30:25.000+02:00,20240703025,Z_03,TRAFFIC,20220510,48.8698,2.308,ACTIVE,Tour Eiffel,COMMERCIAL,8000,4.1,7ème Arrondissement,11,TUESDAY,MAY,0,Morning,1,,,,,,,1,Moderate,25.761904761904763,22.490476301738195,,1.0
S_005,E_00000053,20240703041400,1,6.300000190734863,,ACCIDENT,2611-05-28T11:30:41.000+02:00,20240703041,Z_03,TRAFFIC,20220510,48.8698,2.308,ACTIVE,Tour Eiffel,COMMERCIAL,8000,4.1,7ème Arrondissement,11,TUESDAY,MAY,0,Morning,1,,,,,,,1,Severe,24.61904761904762,21.447619131633214,,1.0
S_005,E_00000054,20240703054000,13,33.70000076293945,,NONE,2611-05-28T11:30:54.000+02:00,20240703054,Z_03,TRAFFIC,20220510,48.8698,2.308,ACTIVE,Tour Eiffel,COMMERCIAL,8000,4.1,7ème Arrondissement,11,TUESDAY,MAY,0,Morning,1,,,,,,,1,Moderate,24.333333333333332,22.823809635071527,,1.0
S_005,E_00000055,20240703062800,19,30.899999618530273,,NONE,2611-05-28T11:31:02.000+02:00,20240703062,Z_03,TRAFFIC,20220510,48.8698,2.308,ACTIVE,Tour Eiffel,COMMERCIAL,8000,4.1,7ème Arrondissement,11,TUESDAY,MAY,0,Morning,1,,,,,,,1,Moderate,24.61904761904762,22.666666723432996,,1.0
S_005,E_00000056,20240703070200,16,29.600000381469727,,NONE,2611-05-28T11:31:10.000+02:00,20240703070,Z_03,TRAFFIC,20220510,48.8698,2.308,ACTIVE,Tour Eiffel,COMMERCIAL,8000,4.1,7ème Arrondissement,11,TUESDAY,MAY,0,Morning,1,,,,,,,1,High,25.095238095238095,22.42380956241063,,1.0
S_005,E_00000057,20240703084200,15,26.799999237060547,,NONE,2611-05-28T11:31:24.000+02:00,20240703084,Z_03,TRAFFIC,20220510,48.8698,2.308,ACTIVE,Tour Eiffel,COMMERCIAL,8000,4.1,7ème Arrondissement,11,TUESDAY,MAY,0,Morning,1,,,,,,,1,High,25.0,22.44285716329302,,1.0
S_005,E_00000058,20240703094500,23,25.700000762939453,,NONE,2611-05-28T11:31:34.000+02:00,20240703094,Z_03,TRAFFIC,20220510,48.8698,2.308,ACTIVE,Tour Eiffel,COMMERCIAL,8000,4.1,7ème Arrondissement,11,TUESDAY,MAY,0,Morning,1,,,,,,,1,High,25.428571428571427,21.990476210912068,,1.0
S_005,E_00000059,20240703101300,9,33.70000076293945,,NONE,2611-05-28T11:31:41.000+02:00,20240703101,Z_03,TRAFFIC,20220510,48.8698,2.308,ACTIVE,Tour Eiffel,COMMERCIAL,8000,4.1,7ème Arrondissement,11,TUESDAY,MAY,0,Morning,1,,,,,,,1,Moderate,23.285714285714285,23.14285719962347,,1.0
S_005,E_00000060,20240703113900,24,21.799999237060547,,NONE,2611-05-28T11:31:53.000+02:00,20240703113,Z_03,TRAFFIC,20220510,48.8698,2.308,ACTIVE,Tour Eiffel,COMMERCIAL,8000,4.1,7ème Arrondissement,11,TUESDAY,MAY,0,Morning,1,,,,,,,1,High,22.142857142857142,23.185714324315388,,1.0
S_005,E_00000061,20240703123100,43,11.699999809265137,,NONE,2611-05-28T11:32:03.000+02:00,20240703123,Z_03,TRAFFIC,20220510,48.8698,2.308,ACTIVE,Tour Eiffel,COMMERCIAL,8000,4.1,7ème Arrondissement,11,TUESDAY,MAY,0,Morning,1,,,,,,,1,Severe,22.285714285714285,23.347619068054925,,1.0
S_005,E_00000062,20240703131600,32,25.299999237060547,,NONE,2611-05-28T11:32:11.000+02:00,20240703131,Z_03,TRAFFIC,20220510,48.8698,2.308,ACTIVE,Tour Eiffel,COMMERCIAL,8000,4.1,7ème Arrondissement,11,TUESDAY,MAY,0,Morning,1,,,,,,,1,High,22.571428571428573,23.09047613825117,,1.0
S_005,E_00000063,20240703141700,26,21.399999618530273,,NONE,2611-05-28T11:32:21.000+02:00,20240703141,Z_03,TRAFFIC,20220510,48.8698,2.308,ACTIVE,Tour Eiffel,COMMERCIAL,8000,4.1,7ème Arrondissement,11,TUESDAY,MAY,0,Morning,1,,,,,,,1,High,22.19047619047619,23.933333260672434,,1.0
S_005,E_00000064,20240703150600,35,19.0,,NONE,2611-05-28T11:32:30.000+02:00,20240703150,Z_03,TRAFFIC,20220510,48.8698,2.308,ACTIVE,Tour Eiffel,COMMERCIAL,8000,4.1,7ème Arrondissement,11,TUESDAY,MAY,0,Morning,1,,,,,,,1,High,21.80952380952381,23.842857088361466,,1.0
S_005,E_00000065,20240703163700,47,17.200000762939453,,NONE,2611-05-28T11:32:43.000+02:00,20240703163,Z_03,TRAFFIC,20220510,48.8698,2.308,ACTIVE,Tour Eiffel,COMMERCIAL,8000,4.1,7ème Arrondissement,11,TUESDAY,MAY,0,Morning,1,,,,,,,1,High,22.571428571428573,23.409523827689036,,1.0
S_005,E_00000066,20240703173700,35,16.299999237060547,,NONE,2611-05-28T11:32:53.000+02:00,20240703173,Z_03,TRAFFIC,20220510,48.8698,2.308,ACTIVE,Tour Eiffel,COMMERCIAL,8000,4.1,7ème Arrondissement,11,TUESDAY,MAY,0,Morning,1,,,,,,,1,High,21.80952380952381,23.509523800441197,,1.0
S_005,E_00000068,20240703192900,37,11.199999809265137,,NONE,2611-05-28T11:33:12.000+02:00,20240703192,Z_03,TRAFFIC,20220510,48.8698,2.308,ACTIVE,Tour Eiffel,COMMERCIAL,8000,4.1,7ème Arrondissement,11,TUESDAY,MAY,0,Morning,1,,,,,,,1,Severe,21.38095238095238,23.333333333333332,,1.0
S_005,E_00000069,20240703201900,52,16.899999618530273,,NONE,2611-05-28T11:33:21.000+02:00,20240703201,Z_03,TRAFFIC,20220510,48.8698,2.308,ACTIVE,Tour Eiffel,COMMERCIAL,8000,4.1,7ème Arrondissement,11,TUESDAY,MAY,0,Morning,1,,,,,,,1,High,23.571428571428573,22.542857124691917,,1.0
S_005,E_00000070,20240703212200,12,31.899999618530273,,NONE,2611-05-28T11:33:32.000+02:00,20240703212,Z_03,TRAFFIC,20220510,48.8698,2.308,ACTIVE,Tour Eiffel,COMMERCIAL,8000,4.1,7ème Arrondissement,11,TUESDAY,MAY,0,Morning,1,,,,,,,1,Moderate,23.904761904761905,23.7619047164917,,1.0
S_005,E_00000071,20240703220000,9,39.599998474121094,,NONE,2611-05-28T11:33:40.000+02:00,20240703220,Z_03,TRAFFIC,20220510,48.8698,2.308,ACTIVE,Tour Eiffel,COMMERCIAL,8000,4.1,7ème Arrondissement,11,TUESDAY,MAY,0,Morning,1,,,,,,,1,Moderate,23.761904761904763,24.09523804982503,,1.0
S_005,E_00000072,20240703232800,26,27.200000762939453,,NONE,2611-05-28T11:33:52.000+02:00,20240703232,Z_03,TRAFFIC,20220510,48.8698,2.308,ACTIVE,Tour Eiffel,COMMERCIAL,8000,4.1,7ème Arrondissement,11,TUESDAY,MAY,0,Morning,1,,,,,,,1,High,24.142857142857142,24.46666667574928,,1.0
S_014,E_00000073,20240701001100,6,39.5,,NONE,2611-05-28T10:56:41.000+02:00,20240701001,Z_07,TRAFFIC,20220920,48.8585,2.2946,ACTIVE,Trocadéro,RESIDENTIAL,9000,3.5,16ème Arrondissement,10,TUESDAY,MAY,0,Morning,1,,,,,,,1,Moderate,6.0,39.5,,1.0
S_014,E_00000074,20240701012000,14,34.400001525878906,,NONE,2611-05-28T10:56:52.000+02:00,20240701012,Z_07,TRAFFIC,20220920,48.8585,2.2946,ACTIVE,Trocadéro,RESIDENTIAL,9000,3.5,16ème Arrondissement,10,TUESDAY,MAY,0,Morning,1,,,,,,,1,Moderate,10.0,36.95000076293945,,1.0
S_014,E_00000075,20240701024300,19,25.399999618530273,,NONE,2611-05-28T10:57:04.000+02:00,20240701024,Z_07,TRAFFIC,20220920,48.8585,2.2946,ACTIVE,Trocadéro,RESIDENTIAL,9000,3.5,16ème Arrondissement,10,TUESDAY,MAY,0,Morning,1,,,,,,,1,High,13.0,33.10000038146973,,1.0
S_014,E_00000076,20240701035500,8,36.70000076293945,,NONE,2611-05-28T10:57:15.000+02:00,20240701035,Z_07,TRAFFIC,20220920,48.8585,2.2946,ACTIVE,Trocadéro,RESIDENTIAL,9000,3.5,16ème Arrondissement,10,TUESDAY,MAY,0,Morning,1,,,,,,,1,Moderate,11.75,34.00000047683716,,1.0
S_014,E_00000077,20240701041100,10,35.70000076293945,,NONE,2611-05-28T10:57:21.000+02:00,20240701041,Z_07,TRAFFIC,20220920,48.8585,2.2946,ACTIVE,Trocadéro,RESIDENTIAL,9000,3.5,16ème Arrondissement,10,TUESDAY,MAY,0,Morning,1,,,,,,,1,Moderate,11.4,34.340000534057616,,1.0
S_014,E_00000078,20240701051900,21,26.299999237060547,,NONE,2611-05-28T10:57:31.000+02:00,20240701051,Z_07,TRAFFIC,20220920,48.8585,2.2946,ACTIVE,Trocadéro,RESIDENTIAL,9000,3.5,16ème Arrondissement,10,TUESDAY,MAY,0,Morning,1,,,,,,,1,High,13.0,33.00000031789144,,1.0
S_014,E_00000079,20240701065900,5,40.20000076293945,,NONE,2611-05-28T10:57:45.000+02:00,20240701065,Z_07,TRAFFIC,20220920,48.8585,2.2946,ACTIVE,Trocadéro,RESIDENTIAL,9000,3.5,16ème Arrondissement,10,TUESDAY,MAY,0,Morning,1,,,,,,,1,Moderate,11.857142857142858,34.02857181004116,,1.0
S_014,E_00000080,20240701072400,4,32.900001525878906,,NONE,2611-05-28T10:57:52.000+02:00,20240701072,Z_07,TRAFFIC,20220920,48.8585,2.2946,ACTIVE,Trocadéro,RESIDENTIAL,9000,3.5,16ème Arrondissement,10,TUESDAY,MAY,0,Morning,1,,,,,,,1,Moderate,10.875,33.887500524520874,,1.0
S_014,E_00000081,20240701081000,67,7.5,,NONE,2611-05-28T10:58:01.000+02:00,20240701081,Z_07,TRAFFIC,20220920,48.8585,2.2946,ACTIVE,Trocadéro,RESIDENTIAL,9000,3.5,16ème Arrondissement,10,TUESDAY,MAY,0,Morning,1,,,,,,,1,Severe,17.11111111111111,30.955556021796333,,1.0
S_014,E_00000082,20240701090800,63,8.899999618530273,,NONE,2611-05-28T10:58:10.000+02:00,20240701090,Z_07,TRAFFIC,20220920,48.8585,2.2946,ACTIVE,Trocadéro,RESIDENTIAL,9000,3.5,16ème Arrondissement,10,TUESDAY,MAY,0,Morning,1,,,,,,,1,Severe,21.7,28.750000381469725,,1.0
S_014,E_00000083,20240701100200,33,24.299999237060547,,NONE,2611-05-28T10:58:20.000+02:00,20240701100,Z_07,TRAFFIC,20220920,48.8585,2.2946,ACTIVE,Trocadéro,RESIDENTIAL,9000,3.5,16ème Arrondissement,10,TUESDAY,MAY,0,Morning,1,,,,,,,1,High,22.727272727272727,28.345454822887074,,1.0
S_014,E_00000084,20240701111900,30,30.5,,NONE,2611-05-28T10:58:31.000+02:00,20240701111,Z_07,TRAFFIC,20220920,48.8585,2.2946,ACTIVE,Trocadéro,RESIDENTIAL,9000,3.5,16ème Arrondissement,10,TUESDAY,MAY,0,Morning,1,,,,,,,1,Moderate,23.333333333333332,28.525000254313152,,1.0
S_014,E_00000085,20240701120300,33,23.600000381469727,,NONE,2611-05-28T10:58:40.000+02:00,20240701120,Z_07,TRAFFIC,20220920,48.8585,2.2946,ACTIVE,Trocadéro,RESIDENTIAL,9000,3.5,16ème Arrondissement,10,TUESDAY,MAY,0,Morning,1,,,,,,,1,High,24.076923076923077,28.146154110248272,,1.0
S_014,E_00000086,20240701134600,33,17.0,,NONE,2611-05-28T10:58:54.000+02:00,20240701134,Z_07,TRAFFIC,20220920,48.8585,2.2946,ACTIVE,Trocadéro,RESIDENTIAL,9000,3.5,16ème Arrondissement,10,TUESDAY,MAY,0,Morning,1,,,,,,,1,High,24.714285714285715,27.35000024523054,,1.0
S_014,E_00000087,20240701141800,22,6.400000095367432,,ACCIDENT,2611-05-28T10:59:01.000+02:00,20240701141,Z_07,TRAFFIC,20220920,48.8585,2.2946,ACTIVE,Trocadéro,RESIDENTIAL,9000,3.5,16ème Arrondissement,10,TUESDAY,MAY,0,Morning,1,,,,,,,1,Severe,24.533333333333335,25.953333568572997,,1.0
S_014,E_00000089,20240701162000,43,14.800000190734863,,NONE,2611-05-28T10:59:22.000+02:00,20240701162,Z_07,TRAFFIC,20220920,48.8585,2.2946,ACTIVE,Trocadéro,RESIDENTIAL,9000,3.5,16ème Arrondissement,10,TUESDAY,MAY,0,Morning,1,,,,,,,1,Severe,25.6875,25.256250232458115,,1.0
S_014,E_00000090,20240701171200,73,5.0,,NONE,2611-05-28T10:59:31.000+02:00,20240701171,Z_07,TRAFFIC,20220920,48.8585,2.2946,ACTIVE,Trocadéro,RESIDENTIAL,9000,3.5,16ème Arrondissement,10,TUESDAY,MAY,0,Morning,1,,,,,,,1,Severe,28.470588235294116,24.064706101137048,,1.0
S_014,E_00000091,20240701184500,68,7.300000190734863,,NONE,2611-05-28T10:59:44.000+02:00,20240701184,Z_07,TRAFFIC,20220920,48.8585,2.2946,ACTIVE,Trocadéro,RESIDENTIAL,9000,3.5,16ème Arrondissement,10,TUESDAY,MAY,0,Morning,1,,,,,,,1,Severe,30.666666666666668,23.13333355055915,,1.0
S_014,E_00000092,20240701190500,54,14.699999809265137,,NONE,2611-05-28T10:59:50.000+02:00,20240701190,Z_07,TRAFFIC,20220920,48.8585,2.2946,ACTIVE,Trocadéro,RESIDENTIAL,9000,3.5,16ème Arrondissement,10,TUESDAY,MAY,0,Morning,1,,,,,,,1,Severe,31.894736842105264,22.689473879964726,,1.0
S_014,E_00000093,20240701203700,18,21.100000381469727,,NONE,2611-05-28T11:00:03.000+02:00,20240701203,Z_07,TRAFFIC,20220920,48.8585,2.2946,ACTIVE,Trocadéro,RESIDENTIAL,9000,3.5,16ème Arrondissement,11,TUESDAY,MAY,0,Morning,1,,,,,,,1,High,31.2,22.610000205039977,,1.0
S_014,E_00000094,20240701214600,16,23.700000762939453,,NONE,2611-05-28T11:00:14.000+02:00,20240701214,Z_07,TRAFFIC,20220920,48.8585,2.2946,ACTIVE,Trocadéro,RESIDENTIAL,9000,3.5,16ème Arrondissement,11,TUESDAY,MAY,0,Morning,1,,,,,,,1,High,30.476190476190474,22.66190499351138,,1.0
S_014,E_00000095,20240701220300,6,40.599998474121094,,NONE,2611-05-28T11:00:20.000+02:00,20240701220,Z_07,TRAFFIC,20220920,48.8585,2.2946,ACTIVE,Trocadéro,RESIDENTIAL,9000,3.5,16ème Arrondissement,11,TUESDAY,MAY,0,Morning,1,,,,,,,1,Moderate,30.476190476190474,22.714285873231432,,1.0
S_014,E_00000096,20240701231600,11,33.20000076293945,,NONE,2611-05-28T11:00:31.000+02:00,20240701231,Z_07,TRAFFIC,20220920,48.8585,2.2946,ACTIVE,Trocadéro,RESIDENTIAL,9000,3.5,16ème Arrondissement,11,TUESDAY,MAY,0,Morning,1,,,,,,,1,Moderate,30.333333333333332,22.657142979758127,,1.0
S_014,E_00000097,20240702002700,7,34.099998474121094,,NONE,2611-05-28T11:13:22.000+02:00,20240702002,Z_07,TRAFFIC,20220920,48.8585,2.2946,ACTIVE,Trocadéro,RESIDENTIAL,9000,3.5,16ème Arrondissement,11,TUESDAY,MAY,0,Morning,1,,,,,,,1,Moderate,29.761904761904763,23.071428639548166,,1.0
S_014,E_00000098,20240702015800,9,36.0,,NONE,2611-05-28T11:13:35.000+02:00,20240702015,Z_07,TRAFFIC,20220920,48.8585,2.2946,ACTIVE,Trocadéro,RESIDENTIAL,9000,3.5,16ème Arrondissement,11,TUESDAY,MAY,0,Morning,1,,,,,,,1,Moderate,29.80952380952381,23.038095269884383,,1.0
S_014,E_00000099,20240702023600,10,35.0,,NONE,2611-05-28T11:13:43.000+02:00,20240702023,Z_07,TRAFFIC,20220920,48.8585,2.2946,ACTIVE,Trocadéro,RESIDENTIAL,9000,3.5,16ème Arrondissement,11,TUESDAY,MAY,0,Morning,1,,,,,,,1,Moderate,29.80952380952381,23.004761900220597,,1.0
S_014,E_00000100,20240702031600,5,38.400001525878906,,NONE,2611-05-28T11:13:51.000+02:00,20240702031,Z_07,TRAFFIC,20220920,48.8585,2.2946,ACTIVE,Trocadéro,RESIDENTIAL,9000,3.5,16ème Arrondissement,11,TUESDAY,MAY,0,Morning,1,,,,,,,1,Moderate,29.047619047619047,23.580952485402424,,1.0
S_014,E_00000101,20240702042100,6,37.900001525878906,,NONE,2611-05-28T11:14:02.000+02:00,20240702042,Z_07,TRAFFIC,20220920,48.8585,2.2946,ACTIVE,Trocadéro,RESIDENTIAL,9000,3.5,16ème Arrondissement,11,TUESDAY,MAY,0,Morning,1,,,,,,,1,Moderate,29.095238095238095,23.471428712209065,,1.0
S_014,E_00000102,20240702053300,5,6.599999904632568,,ACCIDENT,2611-05-28T11:14:13.000+02:00,20240702053,Z_07,TRAFFIC,20220920,48.8585,2.2946,ACTIVE,Trocadéro,RESIDENTIAL,9000,3.5,16ème Arrondissement,11,TUESDAY,MAY,0,Morning,1,,,,,,,1,Severe,29.142857142857142,22.219047682625906,,1.0
S_014,E_00000103,20240702065400,11,34.0,,NONE,2611-05-28T11:14:25.000+02:00,20240702065,Z_07,TRAFFIC,20220920,48.8585,2.2946,ACTIVE,Trocadéro,RESIDENTIAL,9000,3.5,16ème Arrondissement,11,TUESDAY,MAY,0,Morning,1,,,,,,,1,Moderate,26.476190476190474,23.48095244453067,,1.0
S_014,E_00000104,20240702071200,2,35.29999923706055,,NONE,2611-05-28T11:14:31.000+02:00,20240702071,Z_07,TRAFFIC,20220920,48.8585,2.2946,ACTIVE,Trocadéro,RESIDENTIAL,9000,3.5,16ème Arrondissement,11,TUESDAY,MAY,0,Morning,1,,,,,,,1,Moderate,23.571428571428573,24.7380952835083,,1.0
S_014,E_00000105,20240702080700,59,5.199999809265137,,JAM,2611-05-28T11:14:40.000+02:00,20240702080,Z_07,TRAFFIC,20220920,48.8585,2.2946,ACTIVE,Trocadéro,RESIDENTIAL,9000,3.5,16ème Arrondissement,11,TUESDAY,MAY,0,Morning,1,,,,,,,1,Severe,24.80952380952381,23.82857150123233,,1.0
S_014,E_00000106,20240702095000,59,13.100000381469727,,NONE,2611-05-28T11:14:55.000+02:00,20240702095,Z_07,TRAFFIC,20220920,48.8585,2.2946,ACTIVE,Trocadéro,RESIDENTIAL,9000,3.5,16ème Arrondissement,11,TUESDAY,MAY,0,Morning,1,,,,,,,1,Severe,26.19047619047619,23.000000090826127,,1.0
S_014,E_00000107,20240702102200,39,6.0,,JAM,2611-05-28T11:15:02.000+02:00,20240702102,Z_07,TRAFFIC,20220920,48.8585,2.2946,ACTIVE,Trocadéro,RESIDENTIAL,9000,3.5,16ème Arrondissement,11,TUESDAY,MAY,0,Morning,1,,,,,,,1,Severe,26.476190476190474,22.16190483456566,,1.0
S_014,E_00000108,20240702111400,30,17.200000762939453,,ROADWORK,2611-05-28T11:15:11.000+02:00,20240702111,Z_07,TRAFFIC,20220920,48.8585,2.2946,ACTIVE,Trocadéro,RESIDENTIAL,9000,3.5,16ème Arrondissement,11,TUESDAY,MAY,0,Morning,1,,,,,,,1,High,26.333333333333332,22.171428680419922,,1.0
S_014,E_00000109,20240702123300,40,16.899999618530273,,NONE,2611-05-28T11:15:23.000+02:00,20240702123,Z_07,TRAFFIC,20220920,48.8585,2.2946,ACTIVE,Trocadéro,RESIDENTIAL,9000,3.5,16ème Arrondissement,11,TUESDAY,MAY,0,Morning,1,,,,,,,1,High,27.19047619047619,22.671428657713392,,1.0
S_014,E_00000110,20240702134500,26,28.100000381469727,,NONE,2611-05-28T11:15:34.000+02:00,20240702134,Z_07,TRAFFIC,20220920,48.8585,2.2946,ACTIVE,Trocadéro,RESIDENTIAL,9000,3.5,16ème Arrondissement,11,TUESDAY,MAY,0,Morning,1,,,,,,,1,High,26.38095238095238,23.304762000129337,,1.0
S_014,E_00000111,20240702142200,32,35.599998474121094,,NONE,2611-05-28T11:15:42.000+02:00,20240702142,Z_07,TRAFFIC,20220920,48.8585,2.2946,ACTIVE,Trocadéro,RESIDENTIAL,9000,3.5,16ème Arrondissement,11,TUESDAY,MAY,0,Morning,1,,,,,,,1,Moderate,24.428571428571427,24.761904784611293,,1.0
S_014,E_00000112,20240702153300,26,22.200000762939453,,NONE,2611-05-28T11:15:53.000+02:00,20240702153,Z_07,TRAFFIC,20220920,48.8585,2.2946,ACTIVE,Trocadéro,RESIDENTIAL,9000,3.5,16ème Arrondissement,11,TUESDAY,MAY,0,Morning,1,,,,,,,1,High,22.428571428571427,25.47142862138294,,1.0
S_014,E_00000113,20240702163500,28,24.799999237060547,,NONE,2611-05-28T11:16:03.000+02:00,20240702163,Z_07,TRAFFIC,20220920,48.8585,2.2946,ACTIVE,Trocadéro,RESIDENTIAL,9000,3.5,16ème Arrondissement,11,TUESDAY,MAY,0,Morning,1,,,,,,,1,High,21.19047619047619,25.952380975087483,,1.0
S_014,E_00000114,20240702171500,70,5.0,,NONE,2611-05-28T11:16:11.000+02:00,20240702171,Z_07,TRAFFIC,20220920,48.8585,2.2946,ACTIVE,Trocadéro,RESIDENTIAL,9000,3.5,16ème Arrondissement,11,TUESDAY,MAY,0,Morning,1,,,,,,,1,Severe,23.666666666666668,25.185714290255593,,1.0
S_014,E_00000115,20240702180500,56,20.0,,NONE,2611-05-28T11:16:20.000+02:00,20240702180,Z_07,TRAFFIC,20220920,48.8585,2.2946,ACTIVE,Trocadéro,RESIDENTIAL,9000,3.5,16ème Arrondissement,11,TUESDAY,MAY,0,Morning,1,,,,,,,1,High,25.571428571428573,25.009523777734664,,1.0
S_014,E_00000116,20240702195200,65,5.5,,NONE,2611-05-28T11:16:35.000+02:00,20240702195,Z_07,TRAFFIC,20220920,48.8585,2.2946,ACTIVE,Trocadéro,RESIDENTIAL,9000,3.5,16ème Arrondissement,11,TUESDAY,MAY,0,Morning,1,,,,,,,1,Severe,28.38095238095238,23.338095278966996,,1.0
S_014,E_00000118,20240702211600,11,37.599998474121094,,NONE,2611-05-28T11:16:51.000+02:00,20240702211,Z_07,TRAFFIC,20220920,48.8585,2.2946,ACTIVE,Trocadéro,RESIDENTIAL,9000,3.5,16ème Arrondissement,11,TUESDAY,MAY,0,Morning,1,,,,,,,1,Moderate,28.38095238095238,23.547618979499454,,1.0
S_014,E_00000119,20240702222700,6,32.0,,NONE,2611-05-28T11:17:02.000+02:00,20240702222,Z_07,TRAFFIC,20220920,48.8585,2.2946,ACTIVE,Trocadéro,RESIDENTIAL,9000,3.5,16ème Arrondissement,11,TUESDAY,MAY,0,Morning,1,,,,,,,1,Moderate,28.333333333333332,23.447619052160356,,1.0
S_014,E_00000120,20240702231700,8,39.099998474121094,,NONE,2611-05-28T11:17:11.000+02:00,20240702231,Z_07,TRAFFIC,20220920,48.8585,2.2946,ACTIVE,Trocadéro,RESIDENTIAL,9000,3.5,16ème Arrondissement,11,TUESDAY,MAY,0,Morning,1,,,,,,,1,Moderate,28.285714285714285,23.5952380271185,,1.0
S_014,E_00000121,20240703003700,18,28.600000381469727,,NONE,2611-05-28T11:30:03.000+02:00,20240703003,Z_07,TRAFFIC,20220920,48.8585,2.2946,ACTIVE,Trocadéro,RESIDENTIAL,9000,3.5,16ème Arrondissement,11,TUESDAY,MAY,0,Morning,1,,,,,,,1,High,28.666666666666668,23.29047614052182,,1.0
S_014,E_00000122,20240703010000,7,33.79999923706055,,NONE,2611-05-28T11:30:10.000+02:00,20240703010,Z_07,TRAFFIC,20220920,48.8585,2.2946,ACTIVE,Trocadéro,RESIDENTIAL,9000,3.5,16ème Arrondissement,11,TUESDAY,MAY,0,Morning,1,,,,,,,1,Moderate,28.761904761904763,23.071428412482852,,1.0
S_014,E_00000123,20240703023600,14,33.400001525878906,,NONE,2611-05-28T11:30:23.000+02:00,20240703023,Z_07,TRAFFIC,20220920,48.8585,2.2946,ACTIVE,Trocadéro,RESIDENTIAL,9000,3.5,16ème Arrondissement,11,TUESDAY,MAY,0,Morning,1,,,,,,,1,Moderate,29.142857142857142,22.857142698197137,,1.0
S_014,E_00000124,20240703033100,18,32.400001525878906,,NONE,2611-05-28T11:30:33.000+02:00,20240703033,Z_07,TRAFFIC,20220920,48.8585,2.2946,ACTIVE,Trocadéro,RESIDENTIAL,9000,3.5,16ème Arrondissement,11,TUESDAY,MAY,0,Morning,1,,,,,,,1,Moderate,29.761904761904763,24.085714203970774,,1.0
S_014,E_00000125,20240703042000,9,37.29999923706055,,NONE,2611-05-28T11:30:42.000+02:00,20240703042,Z_07,TRAFFIC,20220920,48.8585,2.2946,ACTIVE,Trocadéro,RESIDENTIAL,9000,3.5,16ème Arrondissement,11,TUESDAY,MAY,0,Morning,1,,,,,,,1,Moderate,29.666666666666668,24.24285702478318,,1.0
S_014,E_00000126,20240703055100,5,13.399999618530273,,JAM,2611-05-28T11:30:55.000+02:00,20240703055,Z_07,TRAFFIC,20220920,48.8585,2.2946,ACTIVE,Trocadéro,RESIDENTIAL,9000,3.5,16ème Arrondissement,11,TUESDAY,MAY,0,Morning,1,,,,,,,1,Severe,29.80952380952381,23.199999900091264,,1.0
S_014,E_00000127,20240703063800,15,18.899999618530273,,NONE,2611-05-28T11:31:03.000+02:00,20240703063,Z_07,TRAFFIC,20220920,48.8585,2.2946,ACTIVE,Trocadéro,RESIDENTIAL,9000,3.5,16ème Arrondissement,11,TUESDAY,MAY,0,Morning,1,,,,,,,1,High,27.714285714285715,23.852380843389604,,1.0
S_014,E_00000128,20240703073700,8,36.0,,NONE,2611-05-28T11:31:13.000+02:00,20240703073,Z_07,TRAFFIC,20220920,48.8585,2.2946,ACTIVE,Trocadéro,RESIDENTIAL,9000,3.5,16ème Arrondissement,11,TUESDAY,MAY,0,Morning,1,,,,,,,1,Moderate,25.285714285714285,24.942857015700568,,1.0
S_014,E_00000129,20240703084600,72,6.699999809265137,,NONE,2611-05-28T11:31:24.000+02:00,20240703084,Z_07,TRAFFIC,20220920,48.8585,2.2946,ACTIVE,Trocadéro,RESIDENTIAL,9000,3.5,16ème Arrondissement,11,TUESDAY,MAY,0,Morning,1,,,,,,,1,Severe,26.857142857142858,24.976190339951287,,1.0
S_014,E_00000130,20240703092700,56,15.800000190734863,,NONE,2611-05-28T11:31:32.000+02:00,20240703092,Z_07,TRAFFIC,20220920,48.8585,2.2946,ACTIVE,Trocadéro,RESIDENTIAL,9000,3.5,16ème Arrondissement,11,TUESDAY,MAY,0,Morning,1,,,,,,,1,High,28.095238095238095,24.909523646036785,,1.0
S_014,E_00000131,20240703100200,35,14.0,,NONE,2611-05-28T11:31:40.000+02:00,20240703100,Z_07,TRAFFIC,20220920,48.8585,2.2946,ACTIVE,Trocadéro,RESIDENTIAL,9000,3.5,16ème Arrondissement,11,TUESDAY,MAY,0,Morning,1,,,,,,,1,Severe,27.857142857142858,24.77142842610677,,1.0
S_014,E_00000132,20240703112300,38,10.5,,NONE,2611-05-28T11:31:52.000+02:00,20240703112,Z_07,TRAFFIC,20220920,48.8585,2.2946,ACTIVE,Trocadéro,RESIDENTIAL,9000,3.5,16ème Arrondissement,11,TUESDAY,MAY,0,Morning,1,,,,,,,1,Severe,28.428571428571427,23.933333169846307,,1.0
S_014,E_00000133,20240703125600,34,24.700000762939453,,NONE,2611-05-28T11:32:05.000+02:00,20240703125,Z_07,TRAFFIC,20220920,48.8585,2.2946,ACTIVE,Trocadéro,RESIDENTIAL,9000,3.5,16ème Arrondissement,11,TUESDAY,MAY,0,Morning,1,,,,,,,1,High,28.523809523809526,23.41428565979004,,1.0
S_014,E_00000134,20240703133600,31,23.200000762939453,,NONE,2611-05-28T11:32:13.000+02:00,20240703133,Z_07,TRAFFIC,20220920,48.8585,2.2946,ACTIVE,Trocadéro,RESIDENTIAL,9000,3.5,16ème Arrondissement,11,TUESDAY,MAY,0,Morning,1,,,,,,,1,High,28.761904761904763,23.461904707409087,,1.0
S_014,E_00000135,20240703142400,33,21.0,,NONE,2611-05-28T11:32:22.000+02:00,20240703142,Z_07,TRAFFIC,20220920,48.8585,2.2946,ACTIVE,Trocadéro,RESIDENTIAL,9000,3.5,16ème Arrondissement,11,TUESDAY,MAY,0,Morning,1,,,,,,,1,High,29.0,23.280952362787154,,1.0
S_014,E_00000136,20240703154700,22,27.700000762939453,,NONE,2611-05-28T11:32:34.000+02:00,20240703154,Z_07,TRAFFIC,20220920,48.8585,2.2946,ACTIVE,Trocadéro,RESIDENTIAL,9000,3.5,16ème Arrondissement,11,TUESDAY,MAY,0,Morning,1,,,,,,,1,High,26.714285714285715,24.361904780069988,,1.0
S_014,E_00000137,20240703164300,32,30.799999237060547,,NONE,2611-05-28T11:32:44.000+02:00,20240703164,Z_07,TRAFFIC,20220920,48.8585,2.2946,ACTIVE,Trocadéro,RESIDENTIAL,9000,3.5,16ème Arrondissement,11,TUESDAY,MAY,0,Morning,1,,,,,,,1,Moderate,25.571428571428573,24.876190458025253,,1.0
S_014,E_00000138,20240703170500,52,13.800000190734863,,NONE,2611-05-28T11:32:50.000+02:00,20240703170,Z_07,TRAFFIC,20220920,48.8585,2.2946,ACTIVE,Trocadéro,RESIDENTIAL,9000,3.5,16ème Arrondissement,11,TUESDAY,MAY,0,Morning,1,,,,,,,1,Severe,24.952380952380953,25.27142856234596,,1.0
S_014,E_00000139,20240703180800,66,10.399999618530273,,NONE,2611-05-28T11:33:00.000+02:00,20240703180,Z_07,TRAFFIC,20220920,48.8585,2.2946,ACTIVE,Trocadéro,RESIDENTIAL,9000,3.5,16ème Arrondissement,11,TUESDAY,MAY,0,Morning,1,,,,,,,1,Severe,27.571428571428573,23.976190521603538,,1.0
S_014,E_00000140,20240703194500,62,5.0,,NONE,2611-05-28T11:33:14.000+02:00,20240703194,Z_07,TRAFFIC,20220920,48.8585,2.2946,ACTIVE,Trocadéro,RESIDENTIAL,9000,3.5,16ème Arrondissement,11,TUESDAY,MAY,0,Morning,1,,,,,,,1,Severe,30.238095238095237,22.690476235889253,,1.0
S_014,E_00000141,20240703204000,22,19.399999618530273,,NONE,2611-05-28T11:33:24.000+02:00,20240703204,Z_07,TRAFFIC,20220920,48.8585,2.2946,ACTIVE,Trocadéro,RESIDENTIAL,9000,3.5,16ème Arrondissement,11,TUESDAY,MAY,0,Morning,1,,,,,,,1,High,30.904761904761905,21.75238105228969,,1.0
S_014,E_00000142,20240703212100,15,26.700000762939453,,NONE,2611-05-28T11:33:32.000+02:00,20240703212,Z_07,TRAFFIC,20220920,48.8585,2.2946,ACTIVE,Trocadéro,RESIDENTIAL,9000,3.5,16ème Arrondissement,11,TUESDAY,MAY,0,Morning,1,,,,,,,1,High,30.761904761904763,21.661904879978724,,1.0
S_014,E_00000143,20240703223900,12,34.20000076293945,,NONE,2611-05-28T11:33:43.000+02:00,20240703223,Z_07,TRAFFIC,20220920,48.8585,2.2946,ACTIVE,Trocadéro,RESIDENTIAL,9000,3.5,16ème Arrondissement,11,TUESDAY,MAY,0,Morning,1,,,,,,,1,Moderate,31.0,21.680952571687243,,1.0
S_014,E_00000144,20240703235400,11,37.900001525878906,,NONE,2611-05-28T11:33:55.000+02:00,20240703235,Z_07,TRAFFIC,20220920,48.8585,2.2946,ACTIVE,Trocadéro,RESIDENTIAL,9000,3.5,16ème Arrondissement,11,TUESDAY,MAY,0,Morning,1,,,,,,,1,Moderate,30.857142857142858,21.895238285972958,,1.0
S_031,E_00000145,20240701001500,36,31.399999618530273,,NONE,2611-05-28T10:56:41.000+02:00,20240701001,,,,,,,,,,,,10,TUESDAY,MAY,0,Morning,1,,,,,,,1,Moderate,36.0,31.399999618530273,,1.0
S_031,E_00000146,20240701013800,31,50.5,,NONE,2611-05-28T10:56:53.000+02:00,20240701013,,,,,,,,,,,,10,TUESDAY,MAY,0,Morning,1,,,,,,,1,Low,33.5,40.94999980926514,,1.0
S_031,E_00000147,20240701022400,51,28.200000762939453,,NONE,2611-05-28T10:57:02.000+02:00,20240701022,,,,,,,,,,,,10,TUESDAY,MAY,0,Morning,1,,,,,,,1,High,39.333333333333336,36.70000012715658,,1.0
S_031,E_00000148,20240701031600,42,35.599998474121094,,NONE,2611-05-28T10:57:11.000+02:00,20240701031,,,,,,,,,,,,10,TUESDAY,MAY,0,Morning,1,,,,,,,1,Moderate,40.0,36.424999713897705,,1.0
S_031,E_00000149,20240701044200,40,41.79999923706055,,NONE,2611-05-28T10:57:24.000+02:00,20240701044,,,,,,,,,,,,10,TUESDAY,MAY,0,Morning,1,,,,,,,1,Moderate,40.0,37.499999618530275,,1.0
S_031,E_00000150,20240701050600,35,32.20000076293945,,NONE,2611-05-28T10:57:30.000+02:00,20240701050,,,,,,,,,,,,10,TUESDAY,MAY,0,Morning,1,,,,,,,1,Moderate,39.166666666666664,36.6166664759318,,1.0
S_031,E_00000151,20240701061200,39,41.400001525878906,,NONE,2611-05-28T10:57:41.000+02:00,20240701061,,,,,,,,,,,,10,TUESDAY,MAY,0,Morning,1,,,,,,,1,Moderate,39.142857142857146,37.300000054495676,,1.0
S_031,E_00000152,20240701074100,77,5.0,,NONE,2611-05-28T10:57:54.000+02:00,20240701074,,,,,,,,,,,,10,TUESDAY,MAY,0,Morning,1,,,,,,,1,Severe,43.875,33.262500047683716,,1.0
S_031,E_00000153,20240701085700,70,10.600000381469727,,NONE,2611-05-28T10:58:05.000+02:00,20240701085,,,,,,,,,,,,10,TUESDAY,MAY,0,Morning,1,,,,,,,1,Severe,46.77777777777778,30.744444529215496,,1.0
S_031,E_00000154,20240701094100,84,19.799999237060547,,NONE,2611-05-28T10:58:14.000+02:00,20240701094,,,,,,,,,,,,10,TUESDAY,MAY,0,Morning,1,,,,,,,1,High,50.5,29.65,,1.0
S_031,E_00000155,20240701104500,45,33.400001525878906,,NONE,2611-05-28T10:58:24.000+02:00,20240701104,,,,,,,,,,,,10,TUESDAY,MAY,0,Morning,1,,,,,,,1,Moderate,50.0,29.990909229625355,,1.0
S_031,E_00000156,20240701113800,28,62.0,,NONE,2611-05-28T10:58:33.000+02:00,20240701113,,,,,,,,,,,,10,TUESDAY,MAY,0,Morning,1,,,,,,,1,Low,48.166666666666664,32.65833346048991,,1.0
S_031,E_00000157,20240701121800,33,64.5,,NONE,2611-05-28T10:58:41.000+02:00,20240701121,,,,,,,,,,,,10,TUESDAY,MAY,0,Morning,1,,,,,,,1,Low,47.0,35.10769242506761,,1.0
S_031,E_00000158,20240701134300,45,36.900001525878906,,NONE,2611-05-28T10:58:54.000+02:00,20240701134,,,,,,,,,,,,10,TUESDAY,MAY,0,Morning,1,,,,,,,1,Moderate,46.857142857142854,35.23571450369699,,1.0
S_031,E_00000159,20240701144200,39,32.20000076293945,,NONE,2611-05-28T10:59:04.000+02:00,20240701144,,,,,,,,,,,,10,TUESDAY,MAY,0,Morning,1,,,,,,,1,Moderate,46.333333333333336,35.03333358764648,,1.0
S_031,E_00000160,20240701155200,13,83.80000305175781,,NONE,2611-05-28T10:59:15.000+02:00,20240701155,,,,,,,,,,,,10,TUESDAY,MAY,0,Morning,1,,,,,,,1,Low,44.25,38.08125042915344,,1.0
S_031,E_00000161,20240701164400,36,38.20000076293945,,NONE,2611-05-28T10:59:24.000+02:00,20240701164,,,,,,,,,,,,10,TUESDAY,MAY,0,Morning,1,,,,,,,1,Moderate,43.76470588235294,38.08823574290556,,1.0
S_031,E_00000162,20240701175800,71,21.899999618530273,,NONE,2611-05-28T10:59:35.000+02:00,20240701175,,,,,,,,,,,,10,TUESDAY,MAY,0,Morning,1,,,,,,,1,High,45.27777777777778,37.18888929155138,,1.0
S_031,E_00000163,20240701184000,81,24.299999237060547,,NONE,2611-05-28T10:59:44.000+02:00,20240701184,,,,,,,,,,,,10,TUESDAY,MAY,0,Morning,1,,,,,,,1,High,47.1578947368421,36.51052665710449,,1.0
S_031,E_00000164,20240701190500,81,11.100000381469727,,NONE,2611-05-28T10:59:50.000+02:00,20240701190,,,,,,,,,,,,10,TUESDAY,MAY,0,Morning,1,,,,,,,1,Severe,48.85,35.240000343322755,,1.0
S_031,E_00000165,20240701200900,26,49.599998474121094,,NONE,2611-05-28T11:00:00.000+02:00,20240701200,,,,,,,,,,,,11,TUESDAY,MAY,0,Morning,1,,,,,,,1,Low,47.76190476190476,35.923809778122674,,1.0
S_031,E_00000166,20240701211000,17,57.20000076293945,,NONE,2611-05-28T11:00:11.000+02:00,20240701211,,,,,,,,,,,,11,TUESDAY,MAY,0,Morning,1,,,,,,,1,Low,46.857142857142854,37.15238126118978,,1.0
S_031,E_00000167,20240701220600,24,50.79999923706055,,NONE,2611-05-28T11:00:20.000+02:00,20240701220,,,,,,,,,,,,11,TUESDAY,MAY,0,Morning,1,,,,,,,1,Low,46.523809523809526,37.166666939145045,,1.0
S_031,E_00000168,20240701234000,37,24.299999237060547,,NONE,2611-05-28T11:00:34.000+02:00,20240701234,,,,,,,,,,,,11,TUESDAY,MAY,0,Morning,1,,,,,,,1,High,45.857142857142854,36.98095258076986,,1.0
S_031,E_00000169,20240702004300,20,46.900001525878906,,NONE,2611-05-28T11:13:24.000+02:00,20240702004,,,,,,,,,,,,11,TUESDAY,MAY,0,Morning,1,,,,,,,1,Low,44.80952380952381,37.519047964186896,,1.0
S_031,E_00000170,20240702015200,29,40.5,,NONE,2611-05-28T11:13:35.000+02:00,20240702015,,,,,,,,,,,,11,TUESDAY,MAY,0,Morning,1,,,,,,,1,Moderate,44.285714285714285,37.45714323861258,,1.0
S_031,E_00000171,20240702023000,25,47.599998474121094,,ROADWORK,2611-05-28T11:13:43.000+02:00,20240702023,,,,,,,,,,,,11,TUESDAY,MAY,0,Morning,1,,,,,,,1,Low,43.80952380952381,38.190476462954564,,1.0
S_031,E_00000172,20240702034200,36,42.79999923706055,,NONE,2611-05-28T11:13:54.000+02:00,20240702034,,,,,,,,,,,,11,TUESDAY,MAY,0,Morning,1,,,,,,,1,Moderate,43.666666666666664,38.25714302062988,,1.0
S_031,E_00000173,20240702042400,24,54.400001525878906,,NONE,2611-05-28T11:14:02.000+02:00,20240702042,,,,,,,,,,,,11,TUESDAY,MAY,0,Morning,1,,,,,,,1,Low,41.142857142857146,40.60952404567173,,1.0
S_031,E_00000174,20240702053500,31,42.900001525878906,,NONE,2611-05-28T11:14:13.000+02:00,20240702053,,,,,,,,,,,,11,TUESDAY,MAY,0,Morning,1,,,,,,,1,Moderate,39.285714285714285,42.14761933826265,,1.0
S_031,E_00000175,20240702064200,45,31.299999237060547,,NONE,2611-05-28T11:14:24.000+02:00,20240702064,,,,,,,,,,,,11,TUESDAY,MAY,0,Morning,1,,,,,,,1,Moderate,37.42857142857143,42.695238385881694,,1.0
S_031,E_00000176,20240702072400,84,16.0,,NONE,2611-05-28T11:14:32.000+02:00,20240702072,,,,,,,,,,,,11,TUESDAY,MAY,0,Morning,1,,,,,,,1,High,39.285714285714285,41.86666688464937,,1.0
S_031,E_00000177,20240702085400,78,13.300000190734863,,NONE,2611-05-28T11:14:45.000+02:00,20240702085,,,,,,,,,,,,11,TUESDAY,MAY,0,Morning,1,,,,,,,1,Severe,41.666666666666664,39.54761927468436,,1.0
S_031,E_00000178,20240702095900,89,19.200000762939453,,NONE,2611-05-28T11:14:55.000+02:00,20240702095,,,,,,,,,,,,11,TUESDAY,MAY,0,Morning,1,,,,,,,1,High,44.333333333333336,37.390476453871955,,1.0
S_031,E_00000179,20240702102600,32,39.599998474121094,,NONE,2611-05-28T11:15:02.000+02:00,20240702102,,,,,,,,,,,,11,TUESDAY,MAY,0,Morning,1,,,,,,,1,Moderate,43.714285714285715,37.51904773712158,,1.0
S_031,E_00000180,20240702111200,28,44.70000076293945,,NONE,2611-05-28T11:15:11.000+02:00,20240702111,,,,,,,,,,,,11,TUESDAY,MAY,0,Morning,1,,,,,,,1,Moderate,43.19047619047619,38.11428583235968,,1.0
S_031,E_00000181,20240702120800,45,43.900001525878906,,NONE,2611-05-28T11:15:20.000+02:00,20240702120,,,,,,,,,,,,11,TUESDAY,MAY,0,Morning,1,,,,,,,1,Moderate,44.714285714285715,36.214285759698775,,1.0
S_031,E_00000182,20240702133400,24,70.80000305175781,,NONE,2611-05-28T11:15:33.000+02:00,20240702133,,,,,,,,,,,,11,TUESDAY,MAY,0,Morning,1,,,,,,,1,Low,44.142857142857146,37.76666682107108,,1.0
S_031,E_00000183,20240702144200,36,24.700000762939453,,NONE,2611-05-28T11:15:44.000+02:00,20240702144,,,,,,,,,,,,11,TUESDAY,MAY,0,Morning,1,,,,,,,1,High,42.476190476190474,37.90000020890009,,1.0
S_031,E_00000184,20240702155400,36,39.20000076293945,,NONE,2611-05-28T11:15:55.000+02:00,20240702155,,,,,,,,,,,,11,TUESDAY,MAY,0,Morning,1,,,,,,,1,Moderate,40.333333333333336,38.6095240910848,,1.0
S_031,E_00000185,20240702160400,44,26.299999237060547,,NONE,2611-05-28T11:16:00.000+02:00,20240702160,,,,,,,,,,,,11,TUESDAY,MAY,0,Morning,1,,,,,,,1,High,38.57142857142857,39.33333356039865,,1.0
S_031,E_00000186,20240702171600,82,18.0,,NONE,2611-05-28T11:16:11.000+02:00,20240702171,,,,,,,,,,,,11,TUESDAY,MAY,0,Morning,1,,,,,,,1,High,41.23809523809524,37.82857172829764,,1.0
S_031,E_00000187,20240702184600,80,20.0,,NONE,2611-05-28T11:16:24.000+02:00,20240702184,,,,,,,,,,,,11,TUESDAY,MAY,0,Morning,1,,,,,,,1,High,44.23809523809524,36.05714312053862,,1.0
S_031,E_00000188,20240702192500,68,22.399999618530273,,NONE,2611-05-28T11:16:32.000+02:00,20240702192,,,,,,,,,,,,11,TUESDAY,MAY,0,Morning,1,,,,,,,1,High,46.333333333333336,34.704762186322895,,1.0
S_031,E_00000189,20240702204700,37,31.799999237060547,,NONE,2611-05-28T11:16:44.000+02:00,20240702204,,,,,,,,,,,,11,TUESDAY,MAY,0,Morning,1,,,,,,,1,Moderate,46.333333333333336,35.06190504346575,,1.0
S_031,E_00000190,20240702215700,31,53.20000076293945,,NONE,2611-05-28T11:16:55.000+02:00,20240702215,,,,,,,,,,,,11,TUESDAY,MAY,0,Morning,1,,,,,,,1,Low,46.857142857142854,35.3619050071353,,1.0
S_031,E_00000191,20240702220900,22,50.900001525878906,,NONE,2611-05-28T11:17:00.000+02:00,20240702220,,,,,,,,,,,,11,TUESDAY,MAY,0,Morning,1,,,,,,,1,Low,46.523809523809526,35.857143175034295,,1.0
S_031,E_00000192,20240702233000,36,38.0,,NONE,2611-05-28T11:17:13.000+02:00,20240702233,,,,,,,,,,,,11,TUESDAY,MAY,0,Morning,1,,,,,,,1,Moderate,47.04761904761905,35.400000390552336,,1.0
S_031,E_00000193,20240703001800,23,41.70000076293945,,NONE,2611-05-28T11:30:01.000+02:00,20240703001,,,,,,,,,,,,11,TUESDAY,MAY,0,Morning,1,,,,,,,1,Moderate,46.42857142857143,35.34761951083229,,1.0
S_031,E_00000194,20240703014300,26,66.4000015258789,,NONE,2611-05-28T11:30:14.000+02:00,20240703014,,,,,,,,,,,,11,TUESDAY,MAY,0,Morning,1,,,,,,,1,Low,46.523809523809526,35.91904808226086,,1.0
S_031,E_00000195,20240703021700,26,62.599998474121094,,NONE,2611-05-28T11:30:21.000+02:00,20240703021,,,,,,,,,,,,11,TUESDAY,MAY,0,Morning,1,,,,,,,1,Low,46.285714285714285,36.857143175034295,,1.0
S_031,E_00000196,20240703035500,34,67.4000015258789,,NONE,2611-05-28T11:30:35.000+02:00,20240703035,,,,,,,,,,,,11,TUESDAY,MAY,0,Morning,1,,,,,,,1,Low,45.76190476190476,38.57619090307327,,1.0
S_031,E_00000197,20240703042900,47,35.0,,NONE,2611-05-28T11:30:42.000+02:00,20240703042,,,,,,,,,,,,11,TUESDAY,MAY,0,Morning,1,,,,,,,1,Moderate,44.0,39.48095280783517,,1.0
S_031,E_00000199,20240703062700,32,44.599998474121094,,NONE,2611-05-28T11:31:02.000+02:00,20240703062,,,,,,,,,,,,11,TUESDAY,MAY,0,Morning,1,,,,,,,1,Moderate,41.80952380952381,40.971428916567845,,1.0
S_031,E_00000200,20240703070100,78,6.400000095367432,,NONE,2611-05-28T11:31:10.000+02:00,20240703070,,,,,,,,,,,,11,TUESDAY,MAY,0,Morning,1,,,,,,,1,Severe,41.285714285714285,40.361905075254896,,1.0
S_031,E_00000201,20240703085500,76,22.200000762939453,,NONE,2611-05-28T11:31:25.000+02:00,20240703085,,,,,,,,,,,,11,TUESDAY,MAY,0,Morning,1,,,,,,,1,High,43.38095238095238,39.53333375567482,,1.0
S_031,E_00000202,20240703090400,78,10.600000381469727,,NONE,2611-05-28T11:31:30.000+02:00,20240703090,,,,,,,,,,,,11,TUESDAY,MAY,0,Morning,1,,,,,,,1,Severe,45.76190476190476,37.90952421370007,,1.0
S_031,E_00000203,20240703104800,39,25.200000762939453,,NONE,2611-05-28T11:31:44.000+02:00,20240703104,,,,,,,,,,,,11,TUESDAY,MAY,0,Morning,1,,,,,,,1,High,45.476190476190474,37.019047986893426,,1.0
S_031,E_00000204,20240703115400,21,50.0,,NONE,2611-05-28T11:31:55.000+02:00,20240703115,,,,,,,,,,,,11,TUESDAY,MAY,0,Morning,1,,,,,,,1,Low,45.333333333333336,36.02857165109543,,1.0
S_031,E_00000205,20240703122500,19,46.400001525878906,,NONE,2611-05-28T11:32:02.000+02:00,20240703122,,,,,,,,,,,,11,TUESDAY,MAY,0,Morning,1,,,,,,,1,Low,44.523809523809526,37.06190502075922,,1.0
S_031,E_00000206,20240703135700,18,57.79999923706055,,NONE,2611-05-28T11:32:15.000+02:00,20240703135,,,,,,,,,,,,11,TUESDAY,MAY,0,Morning,1,,,,,,,1,Low,43.666666666666664,37.9476192338126,,1.0
S_031,E_00000207,20240703140100,47,32.0,,NONE,2611-05-28T11:32:20.000+02:00,20240703140,,,,,,,,,,,,11,TUESDAY,MAY,0,Morning,1,,,,,,,1,Moderate,43.80952380952381,38.21904784157162,,1.0
S_031,E_00000208,20240703155100,33,12.0,,ACCIDENT,2611-05-28T11:32:35.000+02:00,20240703155,,,,,,,,,,,,11,TUESDAY,MAY,0,Morning,1,,,,,,,1,Severe,41.476190476190474,37.93333355585734,,1.0
S_031,E_00000209,20240703164500,49,37.29999923706055,,NONE,2611-05-28T11:32:44.000+02:00,20240703164,,,,,,,,,,,,11,TUESDAY,MAY,0,Morning,1,,,,,,,1,Moderate,40.0,38.75714304333641,,1.0
S_031,E_00000210,20240703174100,86,17.200000762939453,,NONE,2611-05-28T11:32:54.000+02:00,20240703174,,,,,,,,,,,,11,TUESDAY,MAY,0,Morning,1,,,,,,,1,High,40.857142857142854,38.509524050213045,,1.0
S_031,E_00000211,20240703180300,86,16.600000381469727,,NONE,2611-05-28T11:33:00.000+02:00,20240703180,,,,,,,,,,,,11,TUESDAY,MAY,0,Morning,1,,,,,,,1,High,43.19047619047619,37.785714580899196,,1.0
S_031,E_00000212,20240703195400,75,20.299999237060547,,NONE,2611-05-28T11:33:15.000+02:00,20240703195,,,,,,,,,,,,11,TUESDAY,MAY,0,Morning,1,,,,,,,1,High,45.285714285714285,36.21904784157162,,1.0
S_031,E_00000213,20240703205300,36,23.299999237060547,,ROADWORK,2611-05-28T11:33:25.000+02:00,20240703205,,,,,,,,,,,,11,TUESDAY,MAY,0,Morning,1,,,,,,,1,High,45.95238095238095,34.90476201829456,,1.0
S_031,E_00000214,20240703212100,28,56.0,,NONE,2611-05-28T11:33:32.000+02:00,20240703212,,,,,,,,,,,,11,TUESDAY,MAY,0,Morning,1,,,,,,,1,Low,45.57142857142857,35.761904875437416,,1.0
S_031,E_00000215,20240703220700,23,66.30000305175781,,NONE,2611-05-28T11:33:40.000+02:00,20240703220,,,,,,,,,,,,11,TUESDAY,MAY,0,Morning,1,,,,,,,1,Low,45.57142857142857,36.93333355585734,,1.0
S_031,E_00000216,20240703230700,38,33.099998474121094,,NONE,2611-05-28T11:33:50.000+02:00,20240703230,,,,,,,,,,,,11,TUESDAY,MAY,0,Morning,1,,,,,,,1,Moderate,46.142857142857146,35.34761912482126,,1.0
S_047,E_00000217,20240701002600,5,35.400001525878906,,NONE,2611-05-28T10:56:42.000+02:00,20240701002,,,,,,,,,,,,10,TUESDAY,MAY,0,Morning,1,,,,,,,1,Moderate,5.0,35.400001525878906,,1.0
S_047,E_00000218,20240701013700,11,33.79999923706055,,NONE,2611-05-28T10:56:53.000+02:00,20240701013,,,,,,,,,,,,10,TUESDAY,MAY,0,Morning,1,,,,,,,1,Moderate,8.0,34.60000038146973,,1.0
S_047,E_00000219,20240701022200,21,31.299999237060547,,NONE,2611-05-28T10:57:02.000+02:00,20240701022,,,,,,,,,,,,10,TUESDAY,MAY,0,Morning,1,,,,,,,1,Moderate,12.333333333333334,33.5,,1.0
S_047,E_00000220,20240701030400,15,17.799999237060547,,NONE,2611-05-28T10:57:10.000+02:00,20240701030,,,,,,,,,,,,10,TUESDAY,MAY,0,Morning,1,,,,,,,1,High,13.0,29.574999809265137,,1.0
S_047,E_00000221,20240701043400,8,39.79999923706055,,NONE,2611-05-28T10:57:23.000+02:00,20240701043,,,,,,,,,,,,10,TUESDAY,MAY,0,Morning,1,,,,,,,1,Moderate,12.0,31.61999969482422,,1.0
S_047,E_00000222,20240701053900,15,22.200000762939453,,NONE,2611-05-28T10:57:33.000+02:00,20240701053,,,,,,,,,,,,10,TUESDAY,MAY,0,Morning,1,,,,,,,1,High,12.5,30.049999872843426,,1.0
S_047,E_00000223,20240701060500,14,38.20000076293945,,NONE,2611-05-28T10:57:40.000+02:00,20240701060,,,,,,,,,,,,10,TUESDAY,MAY,0,Morning,1,,,,,,,1,Moderate,12.714285714285714,31.214285714285715,,1.0
S_047,E_00000224,20240701075500,11,36.29999923706055,,NONE,2611-05-28T10:57:55.000+02:00,20240701075,,,,,,,,,,,,10,TUESDAY,MAY,0,Morning,1,,,,,,,1,Moderate,12.5,31.84999990463257,,1.0
S_047,E_00000225,20240701081700,35,11.899999618530273,,ROADWORK,2611-05-28T10:58:01.000+02:00,20240701081,,,,,,,,,,,,10,TUESDAY,MAY,0,Morning,1,,,,,,,1,Severe,15.0,29.633333206176758,,1.0
S_047,E_00000226,20240701091800,47,9.5,,NONE,2611-05-28T10:58:11.000+02:00,20240701091,,,,,,,,,,,,10,TUESDAY,MAY,0,Morning,1,,,,,,,1,Severe,18.2,27.619999885559082,,1.0
S_047,E_00000227,20240701104500,12,35.5,,NONE,2611-05-28T10:58:24.000+02:00,20240701104,,,,,,,,,,,,10,TUESDAY,MAY,0,Morning,1,,,,,,,1,Moderate,17.636363636363637,28.336363532326438,,1.0
S_047,E_00000228,20240701112300,13,38.099998474121094,,NONE,2611-05-28T10:58:32.000+02:00,20240701112,,,,,,,,,,,,10,TUESDAY,MAY,0,Morning,1,,,,,,,1,Moderate,17.25,29.149999777475994,,1.0
S_047,E_00000229,20240701124900,10,39.599998474121094,,NONE,2611-05-28T10:58:44.000+02:00,20240701124,,,,,,,,,,,,10,TUESDAY,MAY,0,Morning,1,,,,,,,1,Moderate,16.692307692307693,29.95384583106408,,1.0
S_047,E_00000230,20240701132200,12,37.20000076293945,,NONE,2611-05-28T10:58:52.000+02:00,20240701132,,,,,,,,,,,,10,TUESDAY,MAY,0,Morning,1,,,,,,,1,Moderate,16.357142857142858,30.471428326198033,,1.0
S_047,E_00000231,20240701144100,19,26.100000381469727,,NONE,2611-05-28T10:59:04.000+02:00,20240701144,,,,,,,,,,,,10,TUESDAY,MAY,0,Morning,1,,,,,,,1,High,16.533333333333335,30.179999796549478,,1.0
S_047,E_00000232,20240701150000,21,27.100000381469727,,NONE,2611-05-28T10:59:10.000+02:00,20240701150,,,,,,,,,,,,10,TUESDAY,MAY,0,Morning,1,,,,,,,1,High,16.8125,29.987499833106995,,1.0
S_047,E_00000233,20240701162100,3,32.0,,NONE,2611-05-28T10:59:22.000+02:00,20240701162,,,,,,,,,,,,10,TUESDAY,MAY,0,Morning,1,,,,,,,1,Moderate,16.0,30.105882195865405,,1.0
S_047,E_00000234,20240701174300,50,13.199999809265137,,NONE,2611-05-28T10:59:34.000+02:00,20240701174,,,,,,,,,,,,10,TUESDAY,MAY,0,Morning,1,,,,,,,1,Severe,17.88888888888889,29.166666507720947,,1.0
S_047,E_00000236,20240701193500,46,18.799999237060547,,NONE,2611-05-28T10:59:53.000+02:00,20240701193,,,,,,,,,,,,10,TUESDAY,MAY,0,Morning,1,,,,,,,1,High,19.36842105263158,28.621052440844085,,1.0
S_047,E_00000237,20240701200100,4,36.400001525878906,,NONE,2611-05-28T11:00:00.000+02:00,20240701200,,,,,,,,,,,,11,TUESDAY,MAY,0,Morning,1,,,,,,,1,Moderate,18.6,29.009999895095824,,1.0
S_047,E_00000238,20240701215700,13,39.0,,NONE,2611-05-28T11:00:15.000+02:00,20240701215,,,,,,,,,,,,11,TUESDAY,MAY,0,Morning,1,,,,,,,1,Moderate,18.333333333333332,29.48571418580555,,1.0
S_047,E_00000239,20240701224500,18,20.5,,NONE,2611-05-28T11:00:24.000+02:00,20240701224,,,,,,,,,,,,11,TUESDAY,MAY,0,Morning,1,,,,,,,1,High,18.952380952380953,28.776190303620837,,1.0
S_047,E_00000240,20240701234600,0,31.899999618530273,,NONE,2611-05-28T11:00:34.000+02:00,20240701234,,,,,,,,,,,,11,TUESDAY,MAY,0,Morning,1,,,,,,,1,Moderate,18.428571428571427,28.685714131309872,,1.0
S_047,E_00000241,20240702003000,24,23.700000762939453,,NONE,2611-05-28T11:13:23.000+02:00,20240702003,,,,,,,,,,,,11,TUESDAY,MAY,0,Morning,1,,,,,,,1,High,18.571428571428573,28.32380944206601,,1.0
S_047,E_00000242,20240702011100,13,35.599998474121094,,NONE,2611-05-28T11:13:31.000+02:00,20240702011,,,,,,,,,,,,11,TUESDAY,MAY,0,Morning,1,,,,,,,1,Moderate,18.476190476190474,29.171428453354608,,1.0
S_047,E_00000243,20240702024400,15,28.399999618530273,,NONE,2611-05-28T11:13:44.000+02:00,20240702024,,,,,,,,,,,,11,TUESDAY,MAY,0,Morning,1,,,,,,,1,High,18.80952380952381,28.62857132866269,,1.0
S_047,E_00000244,20240702030100,6,39.5,,NONE,2611-05-28T11:13:50.000+02:00,20240702030,,,,,,,,,,,,11,TUESDAY,MAY,0,Morning,1,,,,,,,1,Moderate,18.38095238095238,29.452380816141766,,1.0
S_047,E_00000245,20240702041700,14,33.5,,NONE,2611-05-28T11:14:01.000+02:00,20240702041,,,,,,,,,,,,11,TUESDAY,MAY,0,Morning,1,,,,,,,1,Moderate,18.38095238095238,29.22857125600179,,1.0
S_047,E_00000246,20240702054300,13,39.79999923706055,,NONE,2611-05-28T11:14:14.000+02:00,20240702054,,,,,,,,,,,,11,TUESDAY,MAY,0,Morning,1,,,,,,,1,Moderate,18.476190476190474,29.395237922668457,,1.0
S_047,E_00000247,20240702062700,28,27.100000381469727,,NONE,2611-05-28T11:14:22.000+02:00,20240702062,,,,,,,,,,,,11,TUESDAY,MAY,0,Morning,1,,,,,,,1,High,18.142857142857142,30.11904748280843,,1.0
S_047,E_00000248,20240702070400,11,36.29999923706055,,NONE,2611-05-28T11:14:30.000+02:00,20240702070,,,,,,,,,,,,11,TUESDAY,MAY,0,Morning,1,,,,,,,1,Moderate,16.428571428571427,31.395237922668457,,1.0
S_047,E_00000249,20240702081800,35,14.699999809265137,,NONE,2611-05-28T11:14:41.000+02:00,20240702081,,,,,,,,,,,,11,TUESDAY,MAY,0,Morning,1,,,,,,,1,Severe,17.523809523809526,30.404761723109655,,1.0
S_047,E_00000250,20240702093800,59,17.299999237060547,,NONE,2611-05-28T11:14:53.000+02:00,20240702093,,,,,,,,,,,,11,TUESDAY,MAY,0,Morning,1,,,,,,,1,High,19.714285714285715,29.414285568963912,,1.0
S_047,E_00000251,20240702105100,15,29.799999237060547,,NONE,2611-05-28T11:15:05.000+02:00,20240702105,,,,,,,,,,,,11,TUESDAY,MAY,0,Morning,1,,,,,,,1,High,19.952380952380953,28.9476189386277,,1.0
S_047,E_00000252,20240702110900,13,39.099998474121094,,NONE,2611-05-28T11:15:10.000+02:00,20240702110,,,,,,,,,,,,11,TUESDAY,MAY,0,Morning,1,,,,,,,1,Moderate,20.0,29.038095020112536,,1.0
S_047,E_00000253,20240702123000,1,33.20000076293945,,NONE,2611-05-28T11:15:23.000+02:00,20240702123,,,,,,,,,,,,11,TUESDAY,MAY,0,Morning,1,,,,,,,1,Moderate,19.142857142857142,29.376190276373002,,1.0
S_047,E_00000254,20240702131400,4,35.0,,NONE,2611-05-28T11:15:31.000+02:00,20240702131,,,,,,,,,,,,11,TUESDAY,MAY,0,Morning,1,,,,,,,1,Moderate,18.333333333333332,29.75238073439825,,1.0
S_047,E_00000255,20240702145600,15,27.200000762939453,,NONE,2611-05-28T11:15:45.000+02:00,20240702145,,,,,,,,,,,,11,TUESDAY,MAY,0,Morning,1,,,,,,,1,High,18.904761904761905,29.52380934215727,,1.0
S_047,E_00000256,20240702151600,8,38.900001525878906,,NONE,2611-05-28T11:15:51.000+02:00,20240702151,,,,,,,,,,,,11,TUESDAY,MAY,0,Morning,1,,,,,,,1,Moderate,16.904761904761905,30.74761894771031,,1.0
S_047,E_00000257,20240702160700,9,37.20000076293945,,NONE,2611-05-28T11:16:00.000+02:00,20240702160,,,,,,,,,,,,11,TUESDAY,MAY,0,Morning,1,,,,,,,1,Moderate,15.142857142857142,31.623809496561687,,1.0
S_047,E_00000258,20240702171800,30,29.899999618530273,,NONE,2611-05-28T11:16:11.000+02:00,20240702171,,,,,,,,,,,,11,TUESDAY,MAY,0,Morning,1,,,,,,,1,High,16.38095238095238,31.31428559621175,,1.0
S_047,E_00000259,20240702184700,54,13.699999809265137,,NONE,2611-05-28T11:16:24.000+02:00,20240702184,,,,,,,,,,,,11,TUESDAY,MAY,0,Morning,1,,,,,,,1,Severe,18.333333333333332,30.109523682367232,,1.0
S_047,E_00000260,20240702193600,44,14.399999618530273,,NONE,2611-05-28T11:16:33.000+02:00,20240702193,,,,,,,,,,,,11,TUESDAY,MAY,0,Morning,1,,,,,,,1,Severe,19.571428571428573,29.819047473725817,,1.0
S_047,E_00000261,20240702200300,8,40.20000076293945,,NONE,2611-05-28T11:16:40.000+02:00,20240702200,,,,,,,,,,,,11,TUESDAY,MAY,0,Morning,1,,,,,,,1,Moderate,19.952380952380953,30.21428562345959,,1.0
S_047,E_00000262,20240702213800,16,26.0,,NONE,2611-05-28T11:16:53.000+02:00,20240702213,,,,,,,,,,,,11,TUESDAY,MAY,0,Morning,1,,,,,,,1,High,19.571428571428573,30.323809396652948,,1.0
S_047,E_00000263,20240702221600,15,20.700000762939453,,NONE,2611-05-28T11:17:01.000+02:00,20240702221,,,,,,,,,,,,11,TUESDAY,MAY,0,Morning,1,,,,,,,1,High,19.666666666666668,29.61428569612049,,1.0
S_047,E_00000264,20240702230800,22,24.0,,NONE,2611-05-28T11:17:10.000+02:00,20240702230,,,,,,,,,,,,11,TUESDAY,MAY,0,Morning,1,,,,,,,1,High,20.0,29.404761904761905,,1.0
S_047,E_00000265,20240703004800,5,35.20000076293945,,NONE,2611-05-28T11:30:04.000+02:00,20240703004,,,,,,,,,,,,11,TUESDAY,MAY,0,Morning,1,,,,,,,1,Moderate,19.952380952380953,29.20000003633045,,1.0
S_047,E_00000266,20240703011200,20,31.299999237060547,,NONE,2611-05-28T11:30:11.000+02:00,20240703011,,,,,,,,,,,,11,TUESDAY,MAY,0,Morning,1,,,,,,,1,Moderate,20.238095238095237,29.095238095238095,,1.0
S_047,E_00000267,20240703020000,18,31.399999618530273,,NONE,2611-05-28T11:30:20.000+02:00,20240703020,,,,,,,,,,,,11,TUESDAY,MAY,0,Morning,1,,,,,,,1,Moderate,20.476190476190474,28.69523811340332,,1.0
S_047,E_00000268,20240703030300,15,21.200000762939453,,NONE,2611-05-28T11:30:30.000+02:00,20240703030,,,,,,,,,,,,11,TUESDAY,MAY,0,Morning,1,,,,,,,1,High,19.857142857142858,28.414285750616166,,1.0
S_047,E_00000269,20240703040400,19,10.699999809265137,,JAM,2611-05-28T11:30:40.000+02:00,20240703040,,,,,,,,,,,,11,TUESDAY,MAY,0,Morning,1,,,,,,,1,Severe,20.238095238095237,27.195238158816384,,1.0
S_047,E_00000270,20240703054800,4,36.20000076293945,,NONE,2611-05-28T11:30:54.000+02:00,20240703054,,,,,,,,,,,,11,TUESDAY,MAY,0,Morning,1,,,,,,,1,Moderate,18.761904761904763,28.21904772803897,,1.0
S_047,E_00000271,20240703062600,0,35.099998474121094,,NONE,2611-05-28T11:31:02.000+02:00,20240703062,,,,,,,,,,,,11,TUESDAY,MAY,0,Morning,1,,,,,,,1,Moderate,15.952380952380953,29.066666739327566,,1.0
S_047,E_00000272,20240703070400,18,26.799999237060547,,NONE,2611-05-28T11:31:10.000+02:00,20240703070,,,,,,,,,,,,11,TUESDAY,MAY,0,Morning,1,,,,,,,1,High,16.095238095238095,28.923809596470424,,1.0
S_047,E_00000273,20240703082300,43,14.699999809265137,,NONE,2611-05-28T11:31:22.000+02:00,20240703082,,,,,,,,,,,,11,TUESDAY,MAY,0,Morning,1,,,,,,,1,Severe,17.523809523809526,27.76190489814395,,1.0
S_047,E_00000274,20240703093900,38,16.799999237060547,,NONE,2611-05-28T11:31:33.000+02:00,20240703093,,,,,,,,,,,,11,TUESDAY,MAY,0,Morning,1,,,,,,,1,High,19.285714285714285,26.98095244453067,,1.0
S_047,E_00000275,20240703105900,3,38.599998474121094,,NONE,2611-05-28T11:31:45.000+02:00,20240703105,,,,,,,,,,,,11,TUESDAY,MAY,0,Morning,1,,,,,,,1,Moderate,19.238095238095237,27.15238094329834,,1.0
S_047,E_00000276,20240703113600,15,32.0,,NONE,2611-05-28T11:31:53.000+02:00,20240703113,,,,,,,,,,,,11,TUESDAY,MAY,0,Morning,1,,,,,,,1,Moderate,19.238095238095237,27.38095233553932,,1.0
S_047,E_00000277,20240703124100,7,33.29999923706055,,NONE,2611-05-28T11:32:04.000+02:00,20240703124,,,,,,,,,,,,11,TUESDAY,MAY,0,Morning,1,,,,,,,1,Moderate,19.19047619047619,27.114285559881303,,1.0
S_047,E_00000278,20240703131600,12,37.0,,NONE,2611-05-28T11:32:11.000+02:00,20240703131,,,,,,,,,,,,11,TUESDAY,MAY,0,Morning,1,,,,,,,1,Moderate,19.333333333333332,27.104761714027042,,1.0
S_047,E_00000279,20240703143500,14,31.799999237060547,,NONE,2611-05-28T11:32:23.000+02:00,20240703143,,,,,,,,,,,,11,TUESDAY,MAY,0,Morning,1,,,,,,,1,Moderate,18.571428571428573,27.195237886338006,,1.0
S_047,E_00000280,20240703150700,5,39.400001525878906,,NONE,2611-05-28T11:32:30.000+02:00,20240703150,,,,,,,,,,,,11,TUESDAY,MAY,0,Morning,1,,,,,,,1,Moderate,16.238095238095237,28.419047491891043,,1.0
S_047,E_00000281,20240703164000,7,30.399999618530273,,NONE,2611-05-28T11:32:44.000+02:00,20240703164,,,,,,,,,,,,11,TUESDAY,MAY,0,Morning,1,,,,,,,1,Moderate,14.476190476190476,29.180952253795805,,1.0
S_047,E_00000282,20240703175900,51,14.199999809265137,,NONE,2611-05-28T11:32:55.000+02:00,20240703175,,,,,,,,,,,,11,TUESDAY,MAY,0,Morning,1,,,,,,,1,Severe,16.523809523809526,27.942856970287504,,1.0
S_047,E_00000283,20240703184000,38,12.699999809265137,,NONE,2611-05-28T11:33:04.000+02:00,20240703184,,,,,,,,,,,,11,TUESDAY,MAY,0,Morning,1,,,,,,,1,Severe,17.571428571428573,27.30952362787156,,1.0
S_047,E_00000284,20240703194100,58,21.700000762939453,,NONE,2611-05-28T11:33:14.000+02:00,20240703194,,,,,,,,,,,,11,TUESDAY,MAY,0,Morning,1,,,,,,,1,High,19.61904761904762,27.357142675490607,,1.0
S_047,E_00000285,20240703200700,17,24.899999618530273,,NONE,2611-05-28T11:33:20.000+02:00,20240703200,,,,,,,,,,,,11,TUESDAY,MAY,0,Morning,1,,,,,,,1,High,19.38095238095238,27.399999800182524,,1.0
S_047,E_00000286,20240703213800,5,35.70000076293945,,NONE,2611-05-28T11:33:33.000+02:00,20240703213,,,,,,,,,,,,11,TUESDAY,MAY,0,Morning,1,,,,,,,1,Moderate,19.38095238095238,27.42380932399205,,1.0
S_047,E_00000287,20240703221400,26,21.399999618530273,,NONE,2611-05-28T11:33:41.000+02:00,20240703221,,,,,,,,,,,,11,TUESDAY,MAY,0,Morning,1,,,,,,,1,High,19.666666666666668,26.952380770728702,,1.0
S_047,E_00000288,20240703232100,12,29.600000381469727,,NONE,2611-05-28T11:33:52.000+02:00,20240703232,,,,,,,,,,,,11,TUESDAY,MAY,0,Morning,1,,,,,,,1,High,19.38095238095238,26.866666521344865,,1.0
